encoder,decoder,seed,metric,score,ci_lo,ci_hi,n_captions
clip,beam,1,mtld,22.080264439442814,21.685025339420996,22.48094112472835,4020
clip,nucleus,1,mtld,32.63008932264226,31.858852416859015,33.28997589730372,4020
