coef,se,z,p_value,metric
-0.003915872524752477,12205.626355839495,-3.2082520065666436e-07,0.9999997440185256,adj_per_noun
-0.3660999999991758,0.09378842769158079,-3.9034666537227802,9.482462026820343e-05,caption_length
-0.05647839761687204,0.04904046132090724,-1.1516693786237653,0.24945695995592376,head_noun_min_depth
-0.00045423886138613856,2040.623972947129,-2.2259802266760272e-07,0.9999998223924744,projective_density
-0.03155221578028253,8785.861483213142,-3.591248944747002e-06,0.999997134597913,scene_object_ratio
0.0008865099009900979,4036.289797153945,2.1963484921602774e-07,0.9999998247567448,topological_density
0.02146859130290046,,,,vg_attr_precision
-0.0006710521175183624,,,,vg_attr_recall
